MARKER_ID,POSITION,AA,EFFECT,FOUND_IN,REFERENCE
42,627,K,Increased virulence in mice,H5N1,"Kim J. et al., 2010"
42,627,K,Increased virulence in mice,H5N1,"Suttie A. et al., 2019"
43,9,N,Increased virulence in mice,H5N1,"Graef K. et al., 2010"
43,9,N,Increased virulence in mice,H5N1,"Kim J. et al., 2010"
43,9,N,Increased virulence in mice,H5N1,"Suttie A. et al., 2019"
44,25,A,Increased virulence in mice,H5N1 backbone with H1N1 NS,"Suttie A. et al., 2019"
44,25,A,Increased virulence in mice,H5N1 backbone with H1N1 NS,"Zhao D. et al., 2015"
45,63,T,Decreased pathogenicity in mice,H5N1,"Li J. et al., 2011"
45,63,T,Decreased pathogenicity in mice,H5N1,"Suttie A. et al., 2019"
46,158,G,Increased polymerase activity in avian cells,H5N1,"Cauldwell A. et al., 2013"
46,158,G,Increased polymerase activity in mammalian cells,H5N1,"Cauldwell A. et al., 2013"
46,158,G,Increased polymerase activity in mammalian cells,H5N2,"Suttie A. et al., 2019"
46,158,G,Increased polymerase activity in mammalian cells,H5N9,"Suttie A. et al., 2019"
46,158,G,Increased virulence in mice,H5N2,"Suttie A. et al., 2019"
46,158,G,Increased virulence in mice,H5N9,"Suttie A. et al., 2019"
46,158,G,Increased polymerase activity in mammalian cells,H5N2,"Zhou B. et al., 2011"
46,158,G,Increased polymerase activity in mammalian cells,H5N9,"Zhou B. et al., 2011"
46,158,G,Increased virulence in mice,H5N2,"Zhou B. et al., 2011"
46,158,G,Increased virulence in mice,H5N9,"Zhou B. et al., 2011"
47,158,K,Increased polymerase activity in mammalian cells,H4N6,"Suttie A. et al., 2019"
47,158,K,Increased replication in mammalian cells,H4N6,"Suttie A. et al., 2019"
47,158,K,Increased virulence in mice,H4N6,"Suttie A. et al., 2019"
47,158,K,Increased polymerase activity in mammalian cells,H4N6,"Xu G. et al., 2020"
47,158,K,Increased replication in mammalian cells,H4N6,"Xu G. et al., 2020"
47,158,K,Increased virulence in mice,H4N6,"Xu G. et al., 2020"
48,192,K,Increased polymerase activity in avian cells,H5N1,"Suttie A. et al., 2019"
48,192,K,Increased polymerase activity in mammalian cells,H5N1,"Suttie A. et al., 2019"
48,192,K,Increased virulence in mice,H5N1,"Suttie A. et al., 2019"
48,192,K,Increased polymerase activity in avian cells,H5N1,"Taft A. et al., 2015"
48,192,K,Increased polymerase activity in mammalian cells,H5N1,"Taft A. et al., 2015"
48,192,K,Increased virulence in mice,H5N1,"Taft A. et al., 2015"
49,199,S,Increased virulence in mice,H5N1,"Kim J. et al., 2010"
49,199,S,Increased virulence in mice,H5N1,"Suttie A. et al., 2019"
50,253,N,Increased polymerase activity in mammalian cells,H9N2,"Suttie A. et al., 2019"
50,253,N,Increased polymerase activity in mammalian cells,H9N2,"Zhang J. et al., 2018"
51,256,G,Increased polymerase activity in mammalian cells,H5N1 backbone with pH1N1 PB2,"Manzoor R. et al., 2009"
51,256,G,Increased polymerase activity in mammalian cells,H5N1 backbone with pH1N1 PB2,"Suttie A. et al., 2019"
52,271,A,Increased polymerase activity in avian cells,H3N2 (avian),"Bussey K. et al., 2010"
52,271,A,Increased polymerase activity in avian cells,H5N1,"Bussey K. et al., 2010"
52,271,A,Increased polymerase activity in avian cells,H7N9,"Bussey K. et al., 2010"
52,271,A,Increased polymerase activity in mammalian cells,H1N1,"Bussey K. et al., 2010"
52,271,A,Increased polymerase activity in mammalian cells,H3N2 (avian),"Bussey K. et al., 2010"
52,271,A,Increased polymerase activity in mammalian cells,H5N1,"Bussey K. et al., 2010"
52,271,A,Increased polymerase activity in mammalian cells,H7N9,"Bussey K. et al., 2010"
52,271,A,Increased polymerase activity in mammalian cells,H5N1,"Cauldwell A. et al., 2013"
52,271,A,Increased polymerase activity in avian cells,H3N2 (avian),"Foeglein Á. et al., 2011"
52,271,A,Increased polymerase activity in avian cells,H5N1,"Foeglein Á. et al., 2011"
52,271,A,Increased polymerase activity in avian cells,H7N9,"Foeglein Á. et al., 2011"
52,271,A,Increased polymerase activity in mammalian cells,H3N2 (avian),"Foeglein Á. et al., 2011"
52,271,A,Increased polymerase activity in mammalian cells,H5N1,"Foeglein Á. et al., 2011"
52,271,A,Increased polymerase activity in mammalian cells,H7N9,"Foeglein Á. et al., 2011"
52,271,A,Increased polymerase activity in avian cells,H3N2 (avian),"Mok C. et al., 2014"
52,271,A,Increased polymerase activity in avian cells,H5N1,"Mok C. et al., 2014"
52,271,A,Increased polymerase activity in avian cells,H7N9,"Mok C. et al., 2014"
52,271,A,Increased polymerase activity in mammalian cells,H3N2 (avian),"Mok C. et al., 2014"
52,271,A,Increased polymerase activity in mammalian cells,H5N1,"Mok C. et al., 2014"
52,271,A,Increased polymerase activity in mammalian cells,H7N9,"Mok C. et al., 2014"
52,271,A,Increased polymerase activity in avian cells,H5N1,"Peacock T. et al., 2023"
52,271,A,Increased polymerase activity in mammalian cells,H5N1,"Peacock T. et al., 2023"
52,271,A,Enhanced contact transmission in ferrets,H5N1,"Restori K. et al., 2024"
52,271,A,Enhanced replication in ferrets,H5N1,"Restori K. et al., 2024"
52,271,A,Transmitted via aerosol among ferrets,H5N1,"Restori K. et al., 2024"
52,271,A,Increased polymerase activity in avian cells,H3N2 (avian),"Suttie A. et al., 2019"
52,271,A,Increased polymerase activity in avian cells,H5N1,"Suttie A. et al., 2019"
52,271,A,Increased polymerase activity in avian cells,H7N9,"Suttie A. et al., 2019"
52,271,A,Increased polymerase activity in mammalian cells,H3N2 (avian),"Suttie A. et al., 2019"
52,271,A,Increased polymerase activity in mammalian cells,H5N1,"Suttie A. et al., 2019"
52,271,A,Increased polymerase activity in mammalian cells,H7N9,"Suttie A. et al., 2019"
53,292,V,Increased polymerase activity in mammalian cells,H9N2,"Gao W. et al., 2019"
53,292,V,Increased virulence in mice,H9N2,"Gao W. et al., 2019"
53,292,V,Increased polymerase activity in mammalian cells,H10N8,"Suttie A. et al., 2019"
53,292,V,Increased polymerase activity in mammalian cells,H9N2,"Suttie A. et al., 2019"
53,292,V,Increased virulence in mice,H9N2,"Suttie A. et al., 2019"
53,292,V,Increased polymerase activity in mammalian cells,H10N8,"Xiao C. et al., 2016"
54,358,V,Decreased virulence in mice,H7N3,"DesRochers B. et al., 2016"
54,358,V,Decreased virulence in mice,H7N3,"Suttie A. et al., 2019"
56,389,R,Increased polymerase activity in mammalian cells,H7N9,"Hu M. et al., 2017b"
56,389,R,Increased replication in mammalian cells,H7N9,"Hu M. et al., 2017b"
56,389,R,Increased polymerase activity in mammalian cells,H7N9,"Suttie A. et al., 2019"
56,389,R,Increased replication in mammalian cells,H7N9,"Suttie A. et al., 2019"
57,339,T,Decreased polymerase activity in mice,H5N1,"Liu Y. et al., 2013"
57,339,T,Decreased virulence in mice,H5N1,"Liu Y. et al., 2013"
57,339,T,Decreased polymerase activity in mice,H5N1,"Suttie A. et al., 2019"
57,339,T,Decreased virulence in mice,H5N1,"Suttie A. et al., 2019"
58,482,R,Increased polymerase activity in mammalian cells,H7N9,"Suttie A. et al., 2019"
58,482,R,Increased polymerase activity in mammalian cells,H7N9,"Yamayoshi S. et al., 2014"
58,482,R,Increased polymerase activity in mammalian cells,H7N9,"Yamayoshi S. et al., 2018"
59,526,R,Increased polymerase activity in mammalian cells,H5N1,"Song W. et al., 2014"
59,526,R,Increased polymerase activity in mammalian cells,H7N9,"Song W. et al., 2014"
59,526,R,Increased polymerase activity in mammalian cells,H5N1,"Suttie A. et al., 2019"
59,526,R,Increased polymerase activity in mammalian cells,H7N9,"Suttie A. et al., 2019"
60,535,L,Increased polymerase activity in mammalian cells,H7N9,"Chen G. et al., 2016"
60,535,L,Increased polymerase activity in mammalian cells,H7N9,"Suttie A. et al., 2019"
61,588,V,Increased polymerase activity in avian cells,H10N8,"Suttie A. et al., 2019"
61,588,V,Increased polymerase activity in avian cells,H7N9,"Suttie A. et al., 2019"
61,588,V,Increased polymerase activity in avian cells,H9N2,"Suttie A. et al., 2019"
61,588,V,Increased polymerase activity in mammalian cells,H10N8,"Suttie A. et al., 2019"
61,588,V,Increased polymerase activity in mammalian cells,H7N9,"Suttie A. et al., 2019"
61,588,V,Increased polymerase activity in mammalian cells,H9N2,"Suttie A. et al., 2019"
61,588,V,Increased replication in avian cells,H10N8,"Suttie A. et al., 2019"
61,588,V,Increased replication in avian cells,H7N9,"Suttie A. et al., 2019"
61,588,V,Increased replication in avian cells,H9N2,"Suttie A. et al., 2019"
61,588,V,Increased replication in mammalian cells,H10N8,"Suttie A. et al., 2019"
61,588,V,Increased replication in mammalian cells,H7N9,"Suttie A. et al., 2019"
61,588,V,Increased replication in mammalian cells,H9N2,"Suttie A. et al., 2019"
61,588,V,Increased virulence in mice,H10N8,"Suttie A. et al., 2019"
61,588,V,Increased virulence in mice,H7N9,"Suttie A. et al., 2019"
61,588,V,Increased virulence in mice,H9N2,"Suttie A. et al., 2019"
61,588,V,Increased polymerase activity in avian cells,H10N8,"Xiao C. et al., 2016"
61,588,V,Increased polymerase activity in avian cells,H7N9,"Xiao C. et al., 2016"
61,588,V,Increased polymerase activity in avian cells,H9N2,"Xiao C. et al., 2016"
61,588,V,Increased polymerase activity in mammalian cells,H10N8,"Xiao C. et al., 2016"
61,588,V,Increased polymerase activity in mammalian cells,H7N9,"Xiao C. et al., 2016"
61,588,V,Increased polymerase activity in mammalian cells,H9N2,"Xiao C. et al., 2016"
61,588,V,Increased replication in avian cells,H10N8,"Xiao C. et al., 2016"
61,588,V,Increased replication in avian cells,H7N9,"Xiao C. et al., 2016"
61,588,V,Increased replication in avian cells,H9N2,"Xiao C. et al., 2016"
61,588,V,Increased replication in mammalian cells,H10N8,"Xiao C. et al., 2016"
61,588,V,Increased replication in mammalian cells,H7N9,"Xiao C. et al., 2016"
61,588,V,Increased replication in mammalian cells,H9N2,"Xiao C. et al., 2016"
61,588,V,Increased virulence in mice,H10N8,"Xiao C. et al., 2016"
61,588,V,Increased virulence in mice,H7N9,"Xiao C. et al., 2016"
61,588,V,Increased virulence in mice,H9N2,"Xiao C. et al., 2016"
62,591,K,Increased polymerase activity in avian cells,H7N9,"Chen G. et al., 2016"
62,591,K,Increased polymerase activity in mammalian cells,H7N9,"Chen G. et al., 2016"
62,591,K,Increased polymerase activity in avian cells,H7N9,"Mok C. et al., 2014"
62,591,K,Increased polymerase activity in mammalian cells,H7N9,"Mok C. et al., 2014"
62,591,K,Increased polymerase activity in avian cells,H5N1,"Shinya Y. et al., 2010"
62,591,K,Increased polymerase activity in mammalian cells,H5N1,"Shinya Y. et al., 2010"
62,591,K,Increased replication in mammalian cells,H5N1,"Shinya Y. et al., 2010"
62,591,K,Increased virulence in mice,H5N1,"Shinya Y. et al., 2010"
62,591,K,Increased polymerase activity in avian cells,H5N1,"Suttie A. et al., 2019"
62,591,K,Increased polymerase activity in avian cells,H7N9,"Suttie A. et al., 2019"
62,591,K,Increased polymerase activity in mammalian cells,H5N1,"Suttie A. et al., 2019"
62,591,K,Increased polymerase activity in mammalian cells,H7N9,"Suttie A. et al., 2019"
62,591,K,Increased polymerase activity in mammalian cells,H9N2,"Suttie A. et al., 2019"
62,591,K,Increased replication in mammalian cells,H5N1,"Suttie A. et al., 2019"
62,591,K,Increased replication in mammalian cells,H9N2,"Suttie A. et al., 2019"
62,591,K,Increased virulence in mice,H5N1,"Suttie A. et al., 2019"
62,591,K,Increased virulence in mice,H9N2,"Suttie A. et al., 2019"
62,591,K,Increased polymerase activity in avian cells,H5N1,"Taft A. et al., 2015"
62,591,K,Increased polymerase activity in mammalian cells,H5N1,"Taft A. et al., 2015"
62,591,K,Increased replication in mammalian cells,H5N1,"Taft A. et al., 2015"
62,591,K,Increased virulence in mice,H5N1,"Taft A. et al., 2015"
62,591,K,Increased polymerase activity in mammalian cells,H9N2,"Wang C. et al., 2016"
62,591,K,Increased replication in mammalian cells,H9N2,"Wang C. et al., 2016"
62,591,K,Increased virulence in mice,H9N2,"Wang C. et al., 2016"
65,598,T,Increased polymerase activity in mammalian cells,H7N9,"Hu M. et al., 2017b"
65,598,T,Increased replication in mammalian cells,H7N9,"Hu M. et al., 2017b"
65,598,T,Increased virulence in mice,H7N9,"Hu M. et al., 2017b"
65,598,T,Increased polymerase activity in mammalian cells,H7N9,"Suttie A. et al., 2019"
65,598,T,Increased replication in mammalian cells,H7N9,"Suttie A. et al., 2019"
65,598,T,Increased virulence in mice,H7N9,"Suttie A. et al., 2019"
66,598,I,Increased polymerase activity in mammalian cells,H7N9,"Hu M. et al., 2017b"
66,598,I,Increased replication in mammalian cells,H7N9,"Hu M. et al., 2017b"
66,598,I,Increased virulence in mice,H7N9,"Hu M. et al., 2017b"
66,598,I,Increased polymerase activity in mammalian cells,H7N9,"Suttie A. et al., 2019"
66,598,I,Increased replication in mammalian cells,H7N9,"Suttie A. et al., 2019"
66,598,I,Increased virulence in mice,H7N9,"Suttie A. et al., 2019"
67,627,K,Contributes to airborne pathogenicity in ferrets,H5N1,"Bogs J. et al., 2011"
67,627,K,Contributes to contact transmission in guinea pigs,H5N1,"Bogs J. et al., 2011"
67,627,K,Decreased polymerase activity in avian cells,H5N1,"Bogs J. et al., 2011"
67,627,K,Decreased replication in avian cells,H5N1,"Bogs J. et al., 2011"
67,627,K,Decreases virulence in chickens,H5N1,"Bogs J. et al., 2011"
67,627,K,Enhanced polymerase activity,H5N1,"Bogs J. et al., 2011"
67,627,K,Increased virulence in mice,H5N1,"Bogs J. et al., 2011"
67,627,K,Contributes to airborne pathogenicity in ferrets,H5N1,"Bortz E. et al., 2011"
67,627,K,Contributes to contact transmission in guinea pigs,H5N1,"Bortz E. et al., 2011"
67,627,K,Decreased polymerase activity in avian cells,H5N1,"Bortz E. et al., 2011"
67,627,K,Decreased replication in avian cells,H5N1,"Bortz E. et al., 2011"
67,627,K,Decreases virulence in chickens,H5N1,"Bortz E. et al., 2011"
67,627,K,Enhanced polymerase activity,H5N1,"Bortz E. et al., 2011"
67,627,K,Increased virulence in mice,H5N1,"Bortz E. et al., 2011"
67,627,K,Increased polymerase activity in mammalian cells,H5N1,"Cauldwell A. et al., 2013"
67,627,K,Contributes to airborne pathogenicity in ferrets,H5N1,"Chen H. et al., 2007"
67,627,K,Contributes to contact transmission in guinea pigs,H5N1,"Chen H. et al., 2007"
67,627,K,Decreased polymerase activity in avian cells,H5N1,"Chen H. et al., 2007"
67,627,K,Decreased replication in avian cells,H5N1,"Chen H. et al., 2007"
67,627,K,Decreases virulence in chickens,H5N1,"Chen H. et al., 2007"
67,627,K,Enhanced polymerase activity,H5N1,"Chen H. et al., 2007"
67,627,K,Increased virulence in mice,H5N1,"Chen H. et al., 2007"
67,627,K,Increased polymerase activity in mammalian cells,H6N1,"Cheng K. et al., 2014"
67,627,K,Increased virulence in mice,H6N1,"Cheng K. et al., 2014"
67,627,K,Increased polymerase activity in avian cells,H7N7,"De Jong R. et al., 2013"
67,627,K,Increased virulence in ferrets,H7N7,"De Jong R. et al., 2013"
67,627,K,Increased virulence in mice,H7N7,"De Jong R. et al., 2013"
67,627,K,Contributes to airborne pathogenicity in ferrets,H5N1,"Fornek J. et al., 2009"
67,627,K,Contributes to contact transmission in guinea pigs,H5N1,"Fornek J. et al., 2009"
67,627,K,Decreased polymerase activity in avian cells,H5N1,"Fornek J. et al., 2009"
67,627,K,Decreased replication in avian cells,H5N1,"Fornek J. et al., 2009"
67,627,K,Decreases virulence in chickens,H5N1,"Fornek J. et al., 2009"
67,627,K,Enhanced polymerase activity,H5N1,"Fornek J. et al., 2009"
67,627,K,Increased virulence in mice,H5N1,"Fornek J. et al., 2009"
67,627,K,Contributes to airborne pathogenicity in ferrets,H5N1,"Hatta H. et al., 2001"
67,627,K,Contributes to contact transmission in guinea pigs,H5N1,"Hatta H. et al., 2001"
67,627,K,Decreased polymerase activity in avian cells,H5N1,"Hatta H. et al., 2001"
67,627,K,Decreased replication in avian cells,H5N1,"Hatta H. et al., 2001"
67,627,K,Decreases virulence in chickens,H5N1,"Hatta H. et al., 2001"
67,627,K,Enhanced polymerase activity,H5N1,"Hatta H. et al., 2001"
67,627,K,Increased virulence in mice,H5N1,"Hatta H. et al., 2001"
67,627,K,Contributes to airborne pathogenicity in ferrets,H5N1,"Hatta M. et al., 2007"
67,627,K,Contributes to contact transmission in guinea pigs,H5N1,"Hatta M. et al., 2007"
67,627,K,Decreased polymerase activity in avian cells,H5N1,"Hatta M. et al., 2007"
67,627,K,Decreased replication in avian cells,H5N1,"Hatta M. et al., 2007"
67,627,K,Decreases virulence in chickens,H5N1,"Hatta M. et al., 2007"
67,627,K,Enhanced polymerase activity,H5N1,"Hatta M. et al., 2007"
67,627,K,Increased virulence in mice,H5N1,"Hatta M. et al., 2007"
67,627,K,Contributes to airborne pathogenicity in ferrets,H5N1,"Herfst S. et al., 2012"
67,627,K,Contributes to contact transmission in guinea pigs,H5N1,"Herfst S. et al., 2012"
67,627,K,Decreased polymerase activity in avian cells,H5N1,"Herfst S. et al., 2012"
67,627,K,Decreased replication in avian cells,H5N1,"Herfst S. et al., 2012"
67,627,K,Decreases virulence in chickens,H5N1,"Herfst S. et al., 2012"
67,627,K,Enhanced polymerase activity,H5N1,"Herfst S. et al., 2012"
67,627,K,Increased virulence in mice,H5N1,"Herfst S. et al., 2012"
67,627,K,Contributes to airborne pathogenicity in ferrets,H5N1,"Kim J. et al., 2010"
67,627,K,Contributes to contact transmission in guinea pigs,H5N1,"Kim J. et al., 2010"
67,627,K,Decreased polymerase activity in avian cells,H5N1,"Kim J. et al., 2010"
67,627,K,Decreased replication in avian cells,H5N1,"Kim J. et al., 2010"
67,627,K,Decreases virulence in chickens,H5N1,"Kim J. et al., 2010"
67,627,K,Enhanced polymerase activity,H5N1,"Kim J. et al., 2010"
67,627,K,Increased virulence in mice,H5N1,"Kim J. et al., 2010"
67,627,K,Contributes to airborne pathogenicity in ferrets,H5N1,"Le Q. et al., 2005"
67,627,K,Contributes to contact transmission in guinea pigs,H5N1,"Le Q. et al., 2005"
67,627,K,Decreased polymerase activity in avian cells,H5N1,"Le Q. et al., 2005"
67,627,K,Decreased replication in avian cells,H5N1,"Le Q. et al., 2005"
67,627,K,Decreases virulence in chickens,H5N1,"Le Q. et al., 2005"
67,627,K,Enhanced polymerase activity,H5N1,"Le Q. et al., 2005"
67,627,K,Increased virulence in mice,H5N1,"Le Q. et al., 2005"
67,627,K,Contributes to airborne pathogenicity in ferrets,H5N1,"Long J. et al., 2013"
67,627,K,Contributes to contact transmission in guinea pigs,H5N1,"Long J. et al., 2013"
67,627,K,Decreased polymerase activity in avian cells,H5N1,"Long J. et al., 2013"
67,627,K,Decreased replication in avian cells,H5N1,"Long J. et al., 2013"
67,627,K,Decreases virulence in chickens,H5N1,"Long J. et al., 2013"
67,627,K,Enhanced polymerase activity,H5N1,"Long J. et al., 2013"
67,627,K,Increased virulence in mice,H5N1,"Long J. et al., 2013"
67,627,K,Contributes to airborne pathogenicity in ferrets,H5N1,"Manzoor R. et al., 2009"
67,627,K,Contributes to contact transmission in guinea pigs,H5N1,"Manzoor R. et al., 2009"
67,627,K,Decreased polymerase activity in avian cells,H5N1,"Manzoor R. et al., 2009"
67,627,K,Decreased replication in avian cells,H5N1,"Manzoor R. et al., 2009"
67,627,K,Decreases virulence in chickens,H5N1,"Manzoor R. et al., 2009"
67,627,K,Enhanced polymerase activity,H5N1,"Manzoor R. et al., 2009"
67,627,K,Increased virulence in mice,H5N1,"Manzoor R. et al., 2009"
67,627,K,Contributes to airborne pathogenicity in ferrets,H5N1,"Mase M. et al., 2006"
67,627,K,Contributes to contact transmission in guinea pigs,H5N1,"Mase M. et al., 2006"
67,627,K,Decreased polymerase activity in avian cells,H5N1,"Mase M. et al., 2006"
67,627,K,Decreased replication in avian cells,H5N1,"Mase M. et al., 2006"
67,627,K,Decreases virulence in chickens,H5N1,"Mase M. et al., 2006"
67,627,K,Enhanced polymerase activity,H5N1,"Mase M. et al., 2006"
67,627,K,Increased virulence in mice,H5N1,"Mase M. et al., 2006"
67,627,K,Increased polymerase activity in mammalian cells,H5N1,"Peacock T. et al., 2023"
67,627,K,Contributes to airborne pathogenicity in ferrets,H5N1,"Richard M. et al., 2017"
67,627,K,Contributes to contact transmission in guinea pigs,H5N1,"Richard M. et al., 2017"
67,627,K,Decreased polymerase activity in avian cells,H5N1,"Richard M. et al., 2017"
67,627,K,Decreased replication in avian cells,H5N1,"Richard M. et al., 2017"
67,627,K,Decreases virulence in chickens,H5N1,"Richard M. et al., 2017"
67,627,K,Enhanced polymerase activity,H5N1,"Richard M. et al., 2017"
67,627,K,Increased virulence in mice,H5N1,"Richard M. et al., 2017"
67,627,K,Increased polymerase activity in mammalian cells,H9N2,"Sang X. et al., 2015"
67,627,K,Increased virulence in mice,H9N2,"Sang X. et al., 2015"
67,627,K,Increased polymerase activity in avian cells,H7N7,"Sediri H. et al., 2016"
67,627,K,Increased polymerase activity in mammalian cells,H7N9,"Sediri H. et al., 2016"
67,627,K,Increased polymerase activity in mammalian cells,H9N2,"Sediri H. et al., 2016"
67,627,K,Increased replication in mammalian cells,H7N9,"Sediri H. et al., 2016"
67,627,K,Increased virulence in ferrets,H7N7,"Sediri H. et al., 2016"
67,627,K,Increased virulence in mice,H7N7,"Sediri H. et al., 2016"
67,627,K,Increased virulence in mice,H7N9,"Sediri H. et al., 2016"
67,627,K,Increased virulence in mice,H9N2,"Sediri H. et al., 2016"
67,627,K,Contributes to airborne pathogenicity in ferrets,H5N1,"Shinya K. et al., 2004"
67,627,K,Contributes to contact transmission in guinea pigs,H5N1,"Shinya K. et al., 2004"
67,627,K,Decreased polymerase activity in avian cells,H5N1,"Shinya K. et al., 2004"
67,627,K,Decreased replication in avian cells,H5N1,"Shinya K. et al., 2004"
67,627,K,Decreases virulence in chickens,H5N1,"Shinya K. et al., 2004"
67,627,K,Enhanced polymerase activity,H5N1,"Shinya K. et al., 2004"
67,627,K,Increased virulence in mice,H5N1,"Shinya K. et al., 2004"
67,627,K,Contributes to airborne pathogenicity in ferrets,H5N1,"Suttie A. et al., 2019"
67,627,K,Contributes to contact transmission in guinea pigs,H5N1,"Suttie A. et al., 2019"
67,627,K,Decreased polymerase activity in avian cells,H5N1,"Suttie A. et al., 2019"
67,627,K,Decreased replication in avian cells,H5N1,"Suttie A. et al., 2019"
67,627,K,Decreases virulence in chickens,H5N1,"Suttie A. et al., 2019"
67,627,K,Enhanced polymerase activity,H5N1,"Suttie A. et al., 2019"
67,627,K,Increased polymerase activity in avian cells,H7N7,"Suttie A. et al., 2019"
67,627,K,Increased polymerase activity in mammalian cells,H4N6,"Suttie A. et al., 2019"
67,627,K,Increased polymerase activity in mammalian cells,H6N1,"Suttie A. et al., 2019"
67,627,K,Increased polymerase activity in mammalian cells,H7N9,"Suttie A. et al., 2019"
67,627,K,Increased polymerase activity in mammalian cells,H9N2,"Suttie A. et al., 2019"
67,627,K,Increased replication in mammalian cells,H4N6,"Suttie A. et al., 2019"
67,627,K,Increased replication in mammalian cells,H7N9,"Suttie A. et al., 2019"
67,627,K,Increased virulence in ferrets,H7N7,"Suttie A. et al., 2019"
67,627,K,Increased virulence in mice,H4N6,"Suttie A. et al., 2019"
67,627,K,Increased virulence in mice,H5N1,"Suttie A. et al., 2019"
67,627,K,Increased virulence in mice,H6N1,"Suttie A. et al., 2019"
67,627,K,Increased virulence in mice,H7N7,"Suttie A. et al., 2019"
67,627,K,Increased virulence in mice,H7N9,"Suttie A. et al., 2019"
67,627,K,Increased virulence in mice,H9N2,"Suttie A. et al., 2019"
67,627,K,Increased virulence in mice,H6N6,"Tan L. et al., 2014"
67,627,K,Increased polymerase activity in mammalian cells,H4N6,"Xu G. et al., 2020"
67,627,K,Increased replication in mammalian cells,H4N6,"Xu G. et al., 2020"
67,627,K,Increased virulence in mice,H4N6,"Xu G. et al., 2020"
67,627,K,Increased polymerase activity in mammalian cells,H7N9,"Zhang H. et al., 2014"
67,627,K,Increased replication in mammalian cells,H7N9,"Zhang H. et al., 2014"
67,627,K,Increased virulence in mice,H7N9,"Zhang H. et al., 2014"
73,627,V,Enhanced pathology in mice lungs,H3N8,"Guo Y. et al., 2025"
73,627,V,Enhanced pathology in mice lungs,H7N9,"Guo Y. et al., 2025"
73,627,V,Enhanced replication in mice,H9N2,"Guo Y. et al., 2025"
73,627,V,Increased polymerase activity in avian cells,H9N2,"Guo Y. et al., 2025"
73,627,V,Increased polymerase activity in mammalian cells,H9N2,"Guo Y. et al., 2025"
73,627,V,Increased viral replication in mice lungs,H3N8,"Guo Y. et al., 2025"
73,627,V,Increased viral replication in mice lungs,H7N9,"Guo Y. et al., 2025"
73,627,V,Transmitted via aerosol among ferrets,H9N2,"Guo Y. et al., 2025"
73,627,V,Increased polymerase activity in mammalian cells,H5N1,"Suttie A. et al., 2019"
73,627,V,Increased replication in mammalian cells,H5N1,"Suttie A. et al., 2019"
73,627,V,Increased virulence in mice,H5N1,"Suttie A. et al., 2019"
73,627,V,Increased polymerase activity in mammalian cells,H5N1,"Taft A. et al., 2015"
73,627,V,Increased replication in mammalian cells,H5N1,"Taft A. et al., 2015"
73,627,V,Increased virulence in mice,H5N1,"Taft A. et al., 2015"
75,701,N,Increased polymerase activity in mammalian cells,H5N1,"Cauldwell A. et al., 2013"
75,701,N,Enhanced replication in mice,H7N9,"Chen G. et al., 2016"
75,701,N,Increased polymerase activity in mammalian cells,H7N9,"Chen G. et al., 2016"
75,701,N,Contact transmission in guinea pigs,H5N1,"Gao Y. et al., 2009"
75,701,N,Enhanced replication in guinea pigs,H5N1,"Gao Y. et al., 2009"
75,701,N,Increased polymerase activity in guinea pigs,H5N1,"Gao Y. et al., 2009"
75,701,N,Increased virulence in guinea pigs,H5N1,"Gao Y. et al., 2009"
75,701,N,Increased virulence in mice,H5N1,"Gao Y. et al., 2009"
75,701,N,Contact transmission in guinea pigs,H5N1,"Le Q. et al., 2009"
75,701,N,Enhanced replication in guinea pigs,H5N1,"Le Q. et al., 2009"
75,701,N,Increased polymerase activity in guinea pigs,H5N1,"Le Q. et al., 2009"
75,701,N,Increased virulence in guinea pigs,H5N1,"Le Q. et al., 2009"
75,701,N,Increased virulence in mice,H5N1,"Le Q. et al., 2009"
75,701,N,Contact transmission in guinea pigs,H5N1,"Li Z. et al., 2005"
75,701,N,Enhanced replication in guinea pigs,H5N1,"Li Z. et al., 2005"
75,701,N,Increased polymerase activity in guinea pigs,H5N1,"Li Z. et al., 2005"
75,701,N,Increased virulence in guinea pigs,H5N1,"Li Z. et al., 2005"
75,701,N,Increased virulence in mice,H5N1,"Li Z. et al., 2005"
75,701,N,Enhanced replication in mice,H7N9,"Mok C. et al., 2014"
75,701,N,Increased polymerase activity in mammalian cells,H7N9,"Mok C. et al., 2014"
75,701,N,Increased polymerase activity in mammalian cells,H5N1,"Peacock T. et al., 2023"
75,701,N,Increased polymerase activity in mammalian cells,H9N2,"Sediri H. et al., 2016"
75,701,N,Contact transmission in guinea pigs,H5N1,"Steel J. et al., 2009"
75,701,N,Enhanced replication in guinea pigs,H5N1,"Steel J. et al., 2009"
75,701,N,Increased polymerase activity in guinea pigs,H5N1,"Steel J. et al., 2009"
75,701,N,Increased virulence in guinea pigs,H5N1,"Steel J. et al., 2009"
75,701,N,Increased virulence in mice,H5N1,"Steel J. et al., 2009"
75,701,N,Contact transmission in guinea pigs,H5N1,"Suttie A. et al., 2019"
75,701,N,Enhanced replication in guinea pigs,H5N1,"Suttie A. et al., 2019"
75,701,N,Enhanced replication in mice,H7N9,"Suttie A. et al., 2019"
75,701,N,Increased polymerase activity in guinea pigs,H5N1,"Suttie A. et al., 2019"
75,701,N,Increased polymerase activity in mammalian cells,H7N9,"Suttie A. et al., 2019"
75,701,N,Increased polymerase activity in mammalian cells,H9N2,"Suttie A. et al., 2019"
75,701,N,Increased viral replication in mammalian cells,H1N2,"Suttie A. et al., 2019"
75,701,N,Increased virulence in guinea pigs,H5N1,"Suttie A. et al., 2019"
75,701,N,Increased virulence in mice,H1N2,"Suttie A. et al., 2019"
75,701,N,Increased virulence in mice,H5N1,"Suttie A. et al., 2019"
75,701,N,Contact transmission in guinea pigs,H5N1,"Taft A. et al., 2015"
75,701,N,Enhanced replication in guinea pigs,H5N1,"Taft A. et al., 2015"
75,701,N,Increased polymerase activity in guinea pigs,H5N1,"Taft A. et al., 2015"
75,701,N,Increased virulence in guinea pigs,H5N1,"Taft A. et al., 2015"
75,701,N,Increased virulence in mice,H5N1,"Taft A. et al., 2015"
75,701,N,Increased viral replication in mammalian cells,H1N2,"Yu Z. et al., 2019"
75,701,N,Increased virulence in mice,H1N2,"Yu Z. et al., 2019"
79,701,V,Increased polymerase activity in mammalian cells,H5N1,"Suttie A. et al., 2019"
79,701,V,Increased replication in mammalian cells,H5N1,"Suttie A. et al., 2019"
79,701,V,Increased virulence in mice,H5N1,"Suttie A. et al., 2019"
79,701,V,Increased polymerase activity in mammalian cells,H5N1,"Taft A. et al., 2015"
79,701,V,Increased replication in mammalian cells,H5N1,"Taft A. et al., 2015"
79,701,V,Increased virulence in mice,H5N1,"Taft A. et al., 2015"
80,714,R,Increased polymerase activity in mammalian cells,H7N7,"Gabriel G. et al., 2005"
80,714,R,Increased replication in mammalian cells,H7N7,"Gabriel G. et al., 2005"
80,714,R,Increased polymerase activity in mammalian cells,H7N7,"Gabriel G. et al., 2007"
80,714,R,Increased replication in mammalian cells,H7N7,"Gabriel G. et al., 2007"
80,714,R,Increased polymerase activity in mammalian cells,H7N7,"Sediri H. et al., 2016"
80,714,R,Increased polymerase activity in mammalian cells,H9N2,"Sediri H. et al., 2016"
80,714,R,Increased replication in mammalian cells,H7N7,"Sediri H. et al., 2016"
80,714,R,Increased polymerase activity in mammalian cells,H7N7,"Suttie A. et al., 2019"
80,714,R,Increased polymerase activity in mammalian cells,H9N2,"Suttie A. et al., 2019"
80,714,R,Increased replication in mammalian cells,H7N7,"Suttie A. et al., 2019"
82,715,N,Decreased virulence in mice,H5N1,"Sun H. et al., 2015"
82,715,N,Decreased virulence in mice,H5N1,"Suttie A. et al., 2019"
83,28,I,Decreased polymerase activity in mammalian cells,H5N1,"Leung B. et al., 2010"
83,28,I,Decreased polymerase activity in mammalian cells,H5N1,"Suttie A. et al., 2019"
83,274,T,Decreased polymerase activity in mammalian cells,H5N1,"Leung B. et al., 2010"
83,274,T,Decreased polymerase activity in mammalian cells,H5N1,"Suttie A. et al., 2019"
83,526,R,Decreased polymerase activity in mammalian cells,H5N1,"Leung B. et al., 2010"
83,526,R,Decreased polymerase activity in mammalian cells,H5N1,"Suttie A. et al., 2019"
83,553,V,Decreased polymerase activity in mammalian cells,H5N1,"Leung B. et al., 2010"
83,553,V,Decreased polymerase activity in mammalian cells,H5N1,"Suttie A. et al., 2019"
83,607,V,Decreased polymerase activity in mammalian cells,H5N1,"Leung B. et al., 2010"
83,607,V,Decreased polymerase activity in mammalian cells,H5N1,"Suttie A. et al., 2019"
84,89,V,Increased polymerase activity in mammalian cells,H5N1,"Li J. et al., 2009"
84,89,V,Increased virulence in mice,H5N1,"Li J. et al., 2009"
84,89,V,Increased polymerase activity in mammalian cells,H5N1,"Suttie A. et al., 2019"
84,89,V,Increased virulence in mice,H5N1,"Suttie A. et al., 2019"
84,309,D,Increased polymerase activity in mammalian cells,H5N1,"Li J. et al., 2009"
84,309,D,Increased virulence in mice,H5N1,"Li J. et al., 2009"
84,309,D,Increased polymerase activity in mammalian cells,H5N1,"Suttie A. et al., 2019"
84,309,D,Increased virulence in mice,H5N1,"Suttie A. et al., 2019"
85,89,V,Increased polymerase activity in mammalian cells,H5N1,"Li J. et al., 2009"
85,89,V,Increased virulence in mice,H5N1,"Li J. et al., 2009"
85,89,V,Increased polymerase activity in mammalian cells,H5N1,"Suttie A. et al., 2019"
85,89,V,Increased virulence in mice,H5N1,"Suttie A. et al., 2019"
85,309,D,Increased polymerase activity in mammalian cells,H5N1,"Li J. et al., 2009"
85,309,D,Increased virulence in mice,H5N1,"Li J. et al., 2009"
85,309,D,Increased polymerase activity in mammalian cells,H5N1,"Suttie A. et al., 2019"
85,309,D,Increased virulence in mice,H5N1,"Suttie A. et al., 2019"
85,339,K,Increased polymerase activity in mammalian cells,H5N1,"Li J. et al., 2009"
85,339,K,Increased virulence in mice,H5N1,"Li J. et al., 2009"
85,339,K,Increased polymerase activity in mammalian cells,H5N1,"Suttie A. et al., 2019"
85,339,K,Increased virulence in mice,H5N1,"Suttie A. et al., 2019"
85,477,G,Increased polymerase activity in mammalian cells,H5N1,"Li J. et al., 2009"
85,477,G,Increased virulence in mice,H5N1,"Li J. et al., 2009"
85,477,G,Increased polymerase activity in mammalian cells,H5N1,"Suttie A. et al., 2019"
85,477,G,Increased virulence in mice,H5N1,"Suttie A. et al., 2019"
85,495,V,Increased polymerase activity in mammalian cells,H5N1,"Li J. et al., 2009"
85,495,V,Increased virulence in mice,H5N1,"Li J. et al., 2009"
85,495,V,Increased polymerase activity in mammalian cells,H5N1,"Suttie A. et al., 2019"
85,495,V,Increased virulence in mice,H5N1,"Suttie A. et al., 2019"
85,627,E,Increased polymerase activity in mammalian cells,H5N1,"Li J. et al., 2009"
85,627,E,Increased virulence in mice,H5N1,"Li J. et al., 2009"
85,627,E,Increased polymerase activity in mammalian cells,H5N1,"Suttie A. et al., 2019"
85,627,E,Increased virulence in mice,H5N1,"Suttie A. et al., 2019"
85,676,T,Increased polymerase activity in mammalian cells,H5N1,"Li J. et al., 2009"
85,676,T,Increased virulence in mice,H5N1,"Li J. et al., 2009"
85,676,T,Increased polymerase activity in mammalian cells,H5N1,"Suttie A. et al., 2019"
85,676,T,Increased virulence in mice,H5N1,"Suttie A. et al., 2019"
86,147,L,Increased polymerase activity in mammalian cells,H9N2,"Suttie A. et al., 2019"
86,147,L,Increased virulence in mice,H9N2,"Suttie A. et al., 2019"
86,147,L,Increased polymerase activity in mammalian cells,H9N2,"Wang J. et al., 2012"
86,147,L,Increased virulence in mice,H9N2,"Wang J. et al., 2012"
86,627,K,Increased polymerase activity in mammalian cells,H9N2,"Suttie A. et al., 2019"
86,627,K,Increased virulence in mice,H9N2,"Suttie A. et al., 2019"
86,627,K,Increased polymerase activity in mammalian cells,H9N2,"Wang J. et al., 2012"
86,627,K,Increased virulence in mice,H9N2,"Wang J. et al., 2012"
87,147,T,Increased polymerase activity in mammalian cells,H5N1,"Fan S. et al., 2014"
87,147,T,Increased virulence in mice,H5N1,"Fan S. et al., 2014"
87,147,T,Increased polymerase activity in mammalian cells,H5N1,"Suttie A. et al., 2019"
87,147,T,Increased virulence in mice,H5N1,"Suttie A. et al., 2019"
87,339,T,Increased polymerase activity in mammalian cells,H5N1,"Fan S. et al., 2014"
87,339,T,Increased virulence in mice,H5N1,"Fan S. et al., 2014"
87,339,T,Increased polymerase activity in mammalian cells,H5N1,"Suttie A. et al., 2019"
87,339,T,Increased virulence in mice,H5N1,"Suttie A. et al., 2019"
87,588,T,Increased polymerase activity in mammalian cells,H5N1,"Fan S. et al., 2014"
87,588,T,Increased virulence in mice,H5N1,"Fan S. et al., 2014"
87,588,T,Increased polymerase activity in mammalian cells,H5N1,"Suttie A. et al., 2019"
87,588,T,Increased virulence in mice,H5N1,"Suttie A. et al., 2019"
88,526,R,Increased polymerase activity in mammalian cells,H5N1,"Song W. et al., 2014"
88,526,R,Increased polymerase activity in mammalian cells,H7N9,"Song W. et al., 2014"
88,526,R,Increased replication in mammalian cells,H5N1,"Song W. et al., 2014"
88,526,R,Increased replication in mammalian cells,H7N9,"Song W. et al., 2014"
88,526,R,Increased virulence in mice,H5N1,"Song W. et al., 2014"
88,526,R,Increased virulence in mice,H7N9,"Song W. et al., 2014"
88,526,R,Increased polymerase activity in mammalian cells,H5N1,"Suttie A. et al., 2019"
88,526,R,Increased polymerase activity in mammalian cells,H7N9,"Suttie A. et al., 2019"
88,526,R,Increased replication in mammalian cells,H5N1,"Suttie A. et al., 2019"
88,526,R,Increased replication in mammalian cells,H7N9,"Suttie A. et al., 2019"
88,526,R,Increased virulence in mice,H5N1,"Suttie A. et al., 2019"
88,526,R,Increased virulence in mice,H7N9,"Suttie A. et al., 2019"
88,627,K,Increased polymerase activity in mammalian cells,H5N1,"Song W. et al., 2014"
88,627,K,Increased polymerase activity in mammalian cells,H7N9,"Song W. et al., 2014"
88,627,K,Increased replication in mammalian cells,H5N1,"Song W. et al., 2014"
88,627,K,Increased replication in mammalian cells,H7N9,"Song W. et al., 2014"
88,627,K,Increased virulence in mice,H5N1,"Song W. et al., 2014"
88,627,K,Increased virulence in mice,H7N9,"Song W. et al., 2014"
88,627,K,Increased polymerase activity in mammalian cells,H5N1,"Suttie A. et al., 2019"
88,627,K,Increased polymerase activity in mammalian cells,H7N9,"Suttie A. et al., 2019"
88,627,K,Increased replication in mammalian cells,H5N1,"Suttie A. et al., 2019"
88,627,K,Increased replication in mammalian cells,H7N9,"Suttie A. et al., 2019"
88,627,K,Increased virulence in mice,H5N1,"Suttie A. et al., 2019"
88,627,K,Increased virulence in mice,H7N9,"Suttie A. et al., 2019"
89,627,K,Increased polymerase activity in mammalian cells,H7N9,"Suttie A. et al., 2019"
89,627,K,Increased polymerase activity in mammalian cells,H7N9,"Zhu W. et al., 2015"
89,701,N,Increased polymerase activity in mammalian cells,H7N9,"Suttie A. et al., 2019"
89,701,N,Increased polymerase activity in mammalian cells,H7N9,"Zhu W. et al., 2015"
90,627,K,Increased polymerase activity in mammalian cells,H7N7,"Sediri H. et al., 2016"
90,627,K,Increased polymerase activity in mammalian cells,H7N9,"Sediri H. et al., 2016"
90,627,K,Increased polymerase activity in mammalian cells,H9N2,"Sediri H. et al., 2016"
90,627,K,Increased polymerase activity in mammalian cells,H7N7,"Suttie A. et al., 2019"
90,627,K,Increased polymerase activity in mammalian cells,H7N9,"Suttie A. et al., 2019"
90,627,K,Increased polymerase activity in mammalian cells,H9N2,"Suttie A. et al., 2019"
90,714,R,Increased polymerase activity in mammalian cells,H7N7,"Sediri H. et al., 2016"
90,714,R,Increased polymerase activity in mammalian cells,H7N9,"Sediri H. et al., 2016"
90,714,R,Increased polymerase activity in mammalian cells,H9N2,"Sediri H. et al., 2016"
90,714,R,Increased polymerase activity in mammalian cells,H7N7,"Suttie A. et al., 2019"
90,714,R,Increased polymerase activity in mammalian cells,H7N9,"Suttie A. et al., 2019"
90,714,R,Increased polymerase activity in mammalian cells,H9N2,"Suttie A. et al., 2019"
91,627,K,Increased polymerase activity in mammalian cells,H9N2,"Sediri H. et al., 2016"
91,627,K,Increased virulence in mice,H9N2,"Sediri H. et al., 2016"
91,627,K,Increased polymerase activity in mammalian cells,H9N2,"Suttie A. et al., 2019"
91,627,K,Increased virulence in mice,H9N2,"Suttie A. et al., 2019"
91,701,N,Increased polymerase activity in mammalian cells,H9N2,"Sediri H. et al., 2016"
91,701,N,Increased virulence in mice,H9N2,"Sediri H. et al., 2016"
91,701,N,Increased polymerase activity in mammalian cells,H9N2,"Suttie A. et al., 2019"
91,701,N,Increased virulence in mice,H9N2,"Suttie A. et al., 2019"
91,714,R,Increased polymerase activity in mammalian cells,H9N2,"Sediri H. et al., 2016"
91,714,R,Increased virulence in mice,H9N2,"Sediri H. et al., 2016"
91,714,R,Increased polymerase activity in mammalian cells,H9N2,"Suttie A. et al., 2019"
91,714,R,Increased virulence in mice,H9N2,"Suttie A. et al., 2019"
92,701,N,Increased replication in mammalian cells,H5N1,"Czudai-Matwich V. et al., 2014"
92,701,N,Increased virulence in mice,H5N1,"Czudai-Matwich V. et al., 2014"
92,701,N,Increased polymerase activity in mammalian cells,H7N7,"Sediri H. et al., 2016"
92,701,N,Increased polymerase activity in mammalian cells,H7N9,"Sediri H. et al., 2016"
92,701,N,Increased polymerase activity in mammalian cells,H9N2,"Sediri H. et al., 2016"
92,701,N,Increased polymerase activity in mammalian cells,H7N7,"Suttie A. et al., 2019"
92,701,N,Increased polymerase activity in mammalian cells,H7N9,"Suttie A. et al., 2019"
92,701,N,Increased polymerase activity in mammalian cells,H9N2,"Suttie A. et al., 2019"
92,701,N,Increased replication in mammalian cells,H5N1,"Suttie A. et al., 2019"
92,701,N,Increased virulence in mice,H5N1,"Suttie A. et al., 2019"
92,714,R,Increased replication in mammalian cells,H5N1,"Czudai-Matwich V. et al., 2014"
92,714,R,Increased virulence in mice,H5N1,"Czudai-Matwich V. et al., 2014"
92,714,R,Increased polymerase activity in mammalian cells,H7N7,"Sediri H. et al., 2016"
92,714,R,Increased polymerase activity in mammalian cells,H7N9,"Sediri H. et al., 2016"
92,714,R,Increased polymerase activity in mammalian cells,H9N2,"Sediri H. et al., 2016"
92,714,R,Increased polymerase activity in mammalian cells,H7N7,"Suttie A. et al., 2019"
92,714,R,Increased polymerase activity in mammalian cells,H7N9,"Suttie A. et al., 2019"
92,714,R,Increased polymerase activity in mammalian cells,H9N2,"Suttie A. et al., 2019"
92,714,R,Increased replication in mammalian cells,H5N1,"Suttie A. et al., 2019"
92,714,R,Increased virulence in mice,H5N1,"Suttie A. et al., 2019"
115,627,K,Increased virulence in mice,H5N1,"Kim J. et al., 2010"
115,627,K,Increased virulence in mice,H5N1,"Suttie A. et al., 2019"
133,627,K,Enhanced replication in mammalian cells,H9N2,"Suttie A. et al., 2019"
133,627,K,Increased polymerase activity in mammalian cells,H9N2,"Suttie A. et al., 2019"
133,627,K,Increased virulence in mice,H9N2,"Suttie A. et al., 2019"
133,627,K,Enhanced replication in mammalian cells,H9N2,"Xu G. et al., 2016"
133,627,K,Increased polymerase activity in mammalian cells,H9N2,"Xu G. et al., 2016"
133,627,K,Increased virulence in mice,H9N2,"Xu G. et al., 2016"
185,627,K,Transmitted via aerosol among ferrets,H5N1,"Herfst S. et al., 2012"
185,627,K,Transmitted via aerosol among ferrets,H5N1,"Linster M. et al., 2014"
185,627,K,Transmitted via aerosol among ferrets,H5N1,"Suttie A. et al., 2019"
246,195,N,Enhanced contact transmission in guinea pigs,H9N2,"Sang X. et al., 2015b"
246,195,N,Enhanced contact transmission in guinea pigs,H9N2,"Suttie A. et al., 2019"
366,627,K,Transmitted via aerosol among ferrets,H5N1,"Herfst S. et al., 2012"
366,627,K,Transmitted via aerosol among ferrets,H5N1,"Suttie A. et al., 2019"
385,631,L,Increased polymerase activity in mice,H10N7,"Zhang X. et al., 2017"
385,631,L,Increased virulence in mice,H10N7,"Zhang X. et al., 2017"
400,627,K,Decreased pH of fusion,H6N2,"Tang S. et al., 2024"
400,627,K,Enhanced replication in guinea pigs,H6N2,"Tang S. et al., 2024"
400,627,K,Increased replication in mammalian cells,H6N2,"Tang S. et al., 2024"
400,627,K,Increased virulence in mice,H6N2,"Tang S. et al., 2024"
406,591,R,Increased polymerase activity in mammalian cells,H5N1,"Cauldwell A. et al., 2013"
406,591,R,Increased polymerase activity in mammalian cells,H5N1,"Peacock T. et al., 2023"
407,702,R,Increased polymerase activity in avian cells,H5N1,"Peacock T. et al., 2023"
407,702,R,Increased polymerase activity in mammalian cells,H5N1,"Peacock T. et al., 2023"
408,740,N,Increased polymerase activity in avian cells,H5N1,"Peacock T. et al., 2023"
408,740,N,Increased polymerase activity in mammalian cells,H5N1,"Peacock T. et al., 2023"
409,588,I,Enhanced polymerase activity,H1N1,"Zhao Z. et al., 2014"
409,588,I,Enhanced virulence in mice,H1N1,"Zhao Z. et al., 2014"
410,590,S,Increased polymerase activity in mammalian cells,H1N1,"Mehle A. et al., 2009"
410,590,S,Increased viral replication in mammalian cells,H1N1,"Mehle A. et al., 2009"
410,591,R,Increased polymerase activity in mammalian cells,H1N1,"Mehle A. et al., 2009"
410,591,R,Increased viral replication in mammalian cells,H1N1,"Mehle A. et al., 2009"
411,699,R,Enhanced virulence in mice,H1N1,"Zhang T. et al., 2017"
411,699,R,Increased viral replication in mammalian cells,H1N1,"Zhang T. et al., 2017"
412,155,N,Increased polymerase activity in mammalian cells,H9N2,"Guo Y. et al., 2023"
412,155,N,Increased viral replication in mammalian cells,H9N2,"Guo Y. et al., 2023"
412,155,N,Increased virulence in mice,H9N2,"Guo Y. et al., 2023"
413,526,R,Enhanced pathogenicity in mice,H9N2,"Arai Y. et al., 2019"
413,526,R,Increased polymerase activity in mammalian cells,H9N2,"Arai Y. et al., 2019"
413,543,D,Enhanced pathogenicity in mice,H9N2,"Arai Y. et al., 2019"
413,543,D,Increased polymerase activity in mammalian cells,H9N2,"Arai Y. et al., 2019"
413,627,V,Enhanced pathogenicity in mice,H9N2,"Arai Y. et al., 2019"
413,627,V,Increased polymerase activity in mammalian cells,H9N2,"Arai Y. et al., 2019"
413,655,V,Enhanced pathogenicity in mice,H9N2,"Arai Y. et al., 2019"
413,655,V,Increased polymerase activity in mammalian cells,H9N2,"Arai Y. et al., 2019"
414,81,I,Transmitted via aerosol among ferrets,H7N1,"Sutton T. et al., 2014"
414,627,K,Transmitted via aerosol among ferrets,H7N1,"Sutton T. et al., 2014"
415,483,K,Increased replication in mammalian cells,H7N9,"Chan M. et al., 2020"
416,323,L,Increased replication in mammalian cells,H3N2,"Choi E. et al., 2020"
416,323,L,Increased viral replication in mice lungs,H3N2,"Choi E. et al., 2020"
417,627,K,Transmitted via aerosol among guinea pigs,H7N9,"Zhang C. et al., 2021"
424,627,K,Confer airborne transmission in ferret,H3N8,"Sun H. et al., 2023"
